{"accuracy": [0.5274059176445007, 0.807425856590271, 0.8596770763397217, 0.8822818398475647, 0.889821469783783, 0.9009317755699158, 0.9031367897987366, 0.9079450964927673, 0.9091116189956665, 0.9048865437507629], "loss": [1.6475882530212402, 0.6112228035926819, 0.4369005262851715, 0.36901426315307617, 0.3394318222999573, 0.30631688237190247, 0.3032594323158264, 0.2859267294406891, 0.2832602262496948, 0.3041699230670929], "val_accuracy": [0.8023560047149658, 0.8861256837844849, 0.912417471408844, 0.9234578013420105, 0.9111085534095764, 0.9224902987480164, 0.9348964095115662, 0.9321079254150391, 0.9363760352134705, 0.9328477382659912], "val_loss": [0.6260835528373718, 0.35247600078582764, 0.2657706141471863, 0.23854194581508636, 0.27089160680770874, 0.23489579558372498, 0.20653049647808075, 0.21613210439682007, 0.1920001357793808, 0.20557957887649536]}